id;name;gender;age;nationality
1;Developer Shoes Music;Buckinghamshire Hollow Shoes;withdrawal Generic Frozen Tuna;Gorgeous Cotton Chair Personal Loan Account Borders
2;Norfolk Island Chilean Peso Unidades de fomento Checking Account;invoice Outdoors New York;multi-byte Jamaican Dollar North Carolina;Station
3;parsing Investment Account;Branding Dynamic black;yellow;Books Generic
4;robust withdrawal generate;Garden open-source hybrid;Solomon Islands Dollar;Personal Loan Account HTTP
5;schemas Specialist China;quantify multi-byte;interface Cotton Robust;user-centric Infrastructure
6;Managed Dobra application;Fantastic;Liechtenstein Buckinghamshire monetize;Direct
7;Small Frozen Salad bypassing;time-frame Quality;Borders Borders Practical;methodical
8;Pakistan;parse;neural Wooden Optimization;Tasty Rubber Car mindshare EXE
9;bandwidth Liaison;program Auto Loan Account Refined;infomediaries;Fantastic Fresh Salad
10;Steel Avon Visionary;exploit transition;User-centric Principal Pennsylvania;repurpose Sleek
