id;name;gender;age
1;Coordinator Cambridgeshire Investor;cross-platform Borders;Libyan Dinar CSS
2;sensor;Alaska;deposit Chips Applications
3;uniform PCI back up;Tactics architectures Planner;Facilitator Incredible functionalities
4;compressing;Bedfordshire;Maryland Configuration
5;Intranet Ergonomic Concrete Soap Zambian Kwacha;Concrete Bedfordshire;portal calculating Metal
6;real-time discrete redundant;Synergistic Personal Loan Account Sleek;Borders
7;olive Handcrafted Cotton Bacon Unbranded Fresh Pants;incubate;interfaces
8;Garden Dale Wallis and Futuna;generating;Computers Small Fresh Gloves back-end
9;interface;compress lavender Investment Account;backing up
10;Iran;Philippine Peso Metal;Strategist
